trade_id,market_id,question,outcome_label,entry_time,exit_time,entry_price,exit_price,pre_crash_high,drop_pct,size_usd,shares,hold_hours,pnl_usd,is_profitable,exit_reason,entry_hour_utc,entry_dow,recovered_to_pct_of_high
0,544093,Will Harvey Weinstein be sentenced to less than 5 years in prison?,Yes,2026-03-28T16:06:29+00:00,2026-03-28T16:21:30.406887,0.0785,0.1015,0.1115,29.5964,5.0,63.6943,0.25,1.465,1,RECOVERY,16,5,91.0314
1,561365,Will Cooper Flagg win the 2025–26 NBA Rookie of the Year award?,Yes,2026-03-28T23:21:52+00:00,2026-03-29T01:06:57.887633,0.235,0.27,0.29,18.9655,5.0,21.2766,1.75,0.7447,1,RECOVERY,23,5,93.1034
2,553865,Will the Denver Nuggets win the 2026 NBA Finals?,Yes,2026-03-28T21:36:47+00:00,2026-03-29T03:37:06.670770,0.085,0.095,0.105,19.0476,5.0,58.8235,6.01,0.5882,1,RECOVERY,21,5,90.4762
3,544093,Will Harvey Weinstein be sentenced to less than 5 years in prison?,Yes,2026-03-28T16:51:31+00:00,2026-03-29T05:22:12.051900,0.093,0.1005,0.1115,16.5919,5.0,53.7634,12.51,0.4032,1,RECOVERY,16,5,90.1345
4,544096,Will Harvey Weinstein be sentenced to between 20 and 30 years in prison?,Yes,2026-03-29T07:07:18+00:00,2026-03-29T07:22:19.544604,0.1755,0.2155,0.22,20.2273,5.0,28.49,0.25,1.1396,1,RECOVERY,7,6,97.9545
5,544093,Will Harvey Weinstein be sentenced to less than 5 years in prison?,Yes,2026-03-29T06:52:17+00:00,2026-03-29T09:07:24.765821,0.0665,0.093,0.1005,33.8308,5.0,75.188,2.25,1.9925,1,RECOVERY,6,6,92.5373
6,531202,BitBoy convicted?,Yes,2026-03-28T08:36:08+00:00,2026-03-29T23:08:00.964690,0.088,0.099,0.1075,18.1395,5.0,56.8182,38.53,0.625,1,RECOVERY,8,5,92.093
7,544097,Will Harvey Weinstein be sentenced to more than 30 years in prison?,Yes,2026-03-28T18:06:35+00:00,2026-03-29T23:53:03.318791,0.0955,0.11,0.115,16.9565,5.0,52.356,29.77,0.7592,1,RECOVERY,18,5,95.6522
8,531202,BitBoy convicted?,Yes,2026-03-29T23:38:02+00:00,2026-03-29T23:53:03.318863,0.0655,0.0995,0.099,33.8384,3.0,45.8015,0.25,1.5573,1,RECOVERY,23,6,100.5051
9,556062,MegaETH market cap (FDV) >$2B one day after launch?,Yes,2026-03-29T23:53:03+00:00,2026-03-30T05:38:24.425393,0.105,0.115,0.125,16.0,3.0,28.5714,5.76,0.2857,1,RECOVERY,23,6,92.0
10,553851,Will the Buffalo Sabres win the 2026 NHL Stanley Cup?,Yes,2026-03-30T03:53:17+00:00,2026-03-30T08:38:34.884789,0.0525,0.056,0.062,15.3226,3.0,57.1429,4.75,0.2,1,RECOVERY,3,0,90.3226
11,544097,Will Harvey Weinstein be sentenced to more than 30 years in prison?,Yes,2026-03-30T10:08:40+00:00,2026-03-30T12:08:48.186209,0.0775,0.0995,0.1095,29.2237,3.0,38.7097,2.0,0.8516,1,RECOVERY,10,0,90.8676
12,544094,Will Harvey Weinstein be sentenced to between 5 and 10 years in prison?,Yes,2026-03-30T17:27:33+00:00,2026-03-30T17:57:36.350650,0.1165,0.1345,0.1385,15.8845,2.0,17.1674,0.5,0.309,1,RECOVERY,17,0,97.1119
13,544097,Will Harvey Weinstein be sentenced to more than 30 years in prison?,Yes,2026-03-30T12:23:49+00:00,2026-03-30T20:12:44.354972,0.076,0.092,0.1,24.0,3.0,39.4737,7.82,0.6316,1,RECOVERY,12,0,92.0
14,544095,Will Harvey Weinstein be sentenced to between 10 and 20 years in prison?,Yes,2026-03-28T23:06:51+00:00,2026-03-30T23:12:54.717902,0.2125,0.1485,0.2795,23.9714,5.0,23.5294,48.1,-1.5059,0,TIMEOUT_48H,23,5,53.1306
15,531202,BitBoy convicted?,Yes,2026-03-30T04:38:20+00:00,2026-03-30T23:12:54.717984,0.1125,0.203,0.1495,24.7492,3.0,26.6667,18.58,2.4133,1,RECOVERY,4,0,135.786
16,544095,Will Harvey Weinstein be sentenced to between 10 and 20 years in prison?,Yes,2026-03-30T23:12:54+00:00,2026-03-30T23:27:55.556656,0.1485,0.1725,0.1835,19.0736,2.0,13.468,0.25,0.3232,1,RECOVERY,23,0,94.0054
17,544095,Will Harvey Weinstein be sentenced to between 10 and 20 years in prison?,Yes,2026-03-30T23:57:56+00:00,2026-03-31T00:12:57.583840,0.1485,0.1725,0.1835,19.0736,2.0,13.468,0.25,0.3232,1,RECOVERY,23,0,94.0054
18,531202,BitBoy convicted?,Yes,2026-03-30T23:57:56+00:00,2026-03-31T02:01:20.098161,0.2415,0.2715,0.2845,15.1142,2.0,8.2816,2.06,0.2484,1,RECOVERY,23,0,95.4306
19,553849,Will the Montreal Canadiens win the 2026 NHL Stanley Cup?,Yes,2026-03-30T15:42:28+00:00,2026-03-31T04:16:29.806581,0.038,0.0405,0.045,15.5556,2.0,52.6316,12.57,0.1316,1,RECOVERY,15,0,90.0
20,544092,Will Harvey Weinstein be sentenced to no prison time?,Yes,2026-03-31T03:01:23+00:00,2026-03-31T05:01:32.208061,0.2035,0.2535,0.268,24.0672,2.0,9.828,2.0,0.4914,1,RECOVERY,3,1,94.5896
21,544096,Will Harvey Weinstein be sentenced to between 20 and 30 years in prison?,Yes,2026-03-31T03:16:26+00:00,2026-03-31T05:01:32.208148,0.1915,0.22,0.2405,20.3742,2.0,10.4439,1.75,0.2977,1,RECOVERY,3,1,91.4761
22,544097,Will Harvey Weinstein be sentenced to more than 30 years in prison?,Yes,2026-03-30T21:27:47+00:00,2026-03-31T05:16:33.643832,0.052,0.0855,0.0945,44.9735,2.0,38.4615,7.81,1.2885,1,RECOVERY,21,0,90.4762
23,531202,BitBoy convicted?,Yes,2026-03-31T05:01:32+00:00,2026-03-31T05:46:35.218465,0.4885,0.6235,0.6695,27.0351,2.0,4.0942,0.75,0.5527,1,RECOVERY,5,1,93.1292
24,544094,Will Harvey Weinstein be sentenced to between 5 and 10 years in prison?,Yes,2026-03-31T03:01:24+00:00,2026-03-31T06:16:37.216400,0.088,0.1355,0.1405,37.3665,2.0,22.7273,3.25,1.0795,1,RECOVERY,3,1,96.4413
25,531202,BitBoy convicted?,Yes,2026-03-31T06:31:37+00:00,2026-03-31T06:46:38.894554,0.631,0.7195,0.762,17.1916,2.0,3.1696,0.25,0.2805,1,RECOVERY,6,1,94.4226
26,531202,BitBoy convicted?,Yes,2026-03-31T07:46:42+00:00,2026-03-31T08:16:43.614767,0.598,0.823,0.795,24.7799,2.0,3.3445,0.5,0.7525,1,RECOVERY,7,1,103.522
27,553838,Will the Minnesota Wild win the 2026 NHL Stanley Cup?,Yes,2026-03-29T08:22:22+00:00,2026-03-31T08:31:44.034825,0.051,0.0445,0.0645,20.9302,5.0,98.0392,48.16,-0.6373,0,TIMEOUT_48H,8,6,68.9922
28,531202,BitBoy convicted?,Yes,2026-03-31T10:46:50+00:00,2026-03-31T11:01:51.711018,0.7545,0.825,0.9145,17.4959,2.0,2.6508,0.25,0.1869,1,RECOVERY,10,1,90.2132
29,544095,Will Harvey Weinstein be sentenced to between 10 and 20 years in prison?,Yes,2026-03-31T03:01:24+00:00,2026-03-31T12:01:54.736405,0.1045,0.175,0.1725,39.4203,2.0,19.1388,9.01,1.3493,1,RECOVERY,3,1,101.4493
30,531202,BitBoy convicted?,No,2026-03-30T23:12:54+00:00,2026-03-31T17:04:21.991754,0.797,0.8925,0.949,16.0169,2.0,2.5094,17.86,0.2396,1,RECOVERY,23,0,94.0464
31,544095,Will Harvey Weinstein be sentenced to between 10 and 20 years in prison?,Yes,2026-03-31T17:04:22+00:00,2026-03-31T17:19:22.960274,0.154,0.175,0.19,18.9474,2.0,12.987,0.25,0.2727,1,RECOVERY,17,1,92.1053
32,550694,Will Italy qualify for the 2026 FIFA World Cup?,No,2026-03-31T19:19:29+00:00,2026-03-31T19:34:31.674236,0.105,0.22,0.195,46.1538,2.0,19.0476,0.25,2.1905,1,RECOVERY,19,1,112.8205
33,550703,Will Sweden qualify for the 2026 FIFA World Cup?,No,2026-03-31T19:19:30+00:00,2026-03-31T19:34:31.674316,0.26,0.385,0.41,36.5854,2.0,7.6923,0.25,0.9615,1,RECOVERY,19,1,93.9024
34,550706,Will Poland qualify for the 2026 FIFA World Cup?,Yes,2026-03-31T19:19:30+00:00,2026-03-31T19:34:31.674376,0.3,0.43,0.44,31.8182,2.0,6.6667,0.25,0.8667,1,RECOVERY,19,1,97.7273
35,550703,Will Sweden qualify for the 2026 FIFA World Cup?,Yes,2026-03-31T19:34:31+00:00,2026-03-31T19:49:33.068574,0.615,0.73,0.74,16.8919,2.0,3.252,0.25,0.374,1,RECOVERY,19,1,98.6486
36,550706,Will Poland qualify for the 2026 FIFA World Cup?,No,2026-03-31T19:34:32+00:00,2026-03-31T19:49:33.068657,0.57,0.71,0.7,18.5714,2.0,3.5088,0.25,0.4912,1,RECOVERY,19,1,101.4286
37,550694,Will Italy qualify for the 2026 FIFA World Cup?,Yes,2026-03-31T19:49:33+00:00,2026-03-31T20:19:34.544121,0.72,0.81,0.895,19.5531,2.0,2.7778,0.5,0.25,1,RECOVERY,19,1,90.5028
38,550703,Will Sweden qualify for the 2026 FIFA World Cup?,No,2026-03-31T19:49:33+00:00,2026-03-31T20:19:34.544194,0.27,0.43,0.41,34.1463,2.0,7.4074,0.5,1.1852,1,RECOVERY,19,1,104.878
39,550706,Will Poland qualify for the 2026 FIFA World Cup?,Yes,2026-03-31T19:49:33+00:00,2026-03-31T20:19:34.544250,0.29,0.425,0.44,34.0909,2.0,6.8966,0.5,0.931,1,RECOVERY,19,1,96.5909
40,550694,Will Italy qualify for the 2026 FIFA World Cup?,No,2026-03-31T20:19:34+00:00,2026-03-31T20:34:35.375794,0.19,0.53,0.305,37.7049,2.0,10.5263,0.25,3.5789,1,RECOVERY,20,1,173.7705
41,550703,Will Sweden qualify for the 2026 FIFA World Cup?,Yes,2026-03-31T20:19:34+00:00,2026-03-31T20:34:35.375883,0.57,0.925,0.8,28.75,2.0,3.5088,0.25,1.2456,1,RECOVERY,20,1,115.625
42,550706,Will Poland qualify for the 2026 FIFA World Cup?,No,2026-03-31T20:19:34+00:00,2026-03-31T20:34:35.375941,0.575,0.745,0.735,21.7687,2.0,3.4783,0.25,0.5913,1,RECOVERY,20,1,101.3605
43,550694,Will Italy qualify for the 2026 FIFA World Cup?,No,2026-03-31T21:19:37+00:00,2026-03-31T21:34:38.690426,0.44,0.745,0.53,16.9811,2.0,4.5455,0.25,1.3864,1,RECOVERY,21,1,140.566
44,544093,Will Harvey Weinstein be sentenced to less than 5 years in prison?,Yes,2026-03-30T21:27:47+00:00,2026-04-03T14:05:25.140648,0.097,0.161,0.1275,23.9216,2.0,20.6186,88.63,1.3196,1,RECOVERY,21,0,126.2745
45,561365,Will Cooper Flagg win the 2025–26 NBA Rookie of the Year award?,Yes,2026-03-31T03:46:27+00:00,2026-04-03T14:05:25.140759,0.235,0.155,0.31,24.1935,2.0,8.5106,82.32,-0.6809,0,TIMEOUT_48H,3,1,50.0
46,544097,Will Harvey Weinstein be sentenced to more than 30 years in prison?,Yes,2026-03-31T13:31:59+00:00,2026-04-03T14:05:25.140837,0.069,0.069,0.088,21.5909,2.0,28.9855,72.56,0.0,0,TIMEOUT_48H,13,1,78.4091
47,544094,Will Harvey Weinstein be sentenced to between 5 and 10 years in prison?,Yes,2026-04-01T00:34:48+00:00,2026-04-03T14:05:25.140900,0.114,0.079,0.135,15.5556,2.0,17.5439,61.51,-0.614,0,TIMEOUT_48H,0,2,58.5185
48,553849,Will the Montreal Canadiens win the 2026 NHL Stanley Cup?,Yes,2026-04-03T15:26:37+00:00,2026-04-03T21:42:00.681728,0.049,0.056,0.061,19.6721,5.0,102.0408,6.26,0.7143,1,RECOVERY,15,4,91.8033
49,544096,Will Harvey Weinstein be sentenced to between 20 and 30 years in prison?,Yes,2026-04-03T21:42:01+00:00,2026-04-03T22:42:05.519406,0.167,0.2535,0.2675,37.5701,5.0,29.9401,1.0,2.5898,1,RECOVERY,21,4,94.7664
50,544097,Will Harvey Weinstein be sentenced to more than 30 years in prison?,Yes,2026-04-03T21:42:01+00:00,2026-04-04T00:42:13.426941,0.05,0.0625,0.0685,27.0073,5.0,100.0,3.0,1.25,1,RECOVERY,21,4,91.2409
51,544095,Will Harvey Weinstein be sentenced to between 10 and 20 years in prison?,Yes,2026-04-04T00:42:13+00:00,2026-04-04T01:27:16.241072,0.141,0.1625,0.1715,17.7843,5.0,35.461,0.75,0.7624,1,RECOVERY,0,5,94.7522
52,544094,Will Harvey Weinstein be sentenced to between 5 and 10 years in prison?,Yes,2026-04-03T21:42:00+00:00,2026-04-04T01:57:18.251872,0.053,0.0755,0.079,32.9114,5.0,94.3396,4.25,2.1226,1,RECOVERY,21,4,95.5696
53,544096,Will Harvey Weinstein be sentenced to between 20 and 30 years in prison?,Yes,2026-04-04T00:27:12+00:00,2026-04-04T02:42:20.450905,0.2225,0.2475,0.2675,16.8224,5.0,22.4719,2.25,0.5618,1,RECOVERY,0,5,92.5234
54,544097,Will Harvey Weinstein be sentenced to more than 30 years in prison?,Yes,2026-04-04T02:27:19+00:00,2026-04-04T02:42:20.450989,0.0375,0.0675,0.0645,41.8605,5.0,133.3333,0.25,4.0,1,RECOVERY,2,5,104.6512
55,561365,Will Cooper Flagg win the 2025–26 NBA Rookie of the Year award?,Yes,2026-04-03T14:56:34+00:00,2026-04-04T03:12:22.437256,0.11,0.211,0.14,21.4286,5.0,45.4545,12.26,4.5909,1,RECOVERY,14,4,150.7143
56,544097,Will Harvey Weinstein be sentenced to more than 30 years in prison?,Yes,2026-04-04T08:57:47+00:00,2026-04-04T11:12:56.676853,0.0535,0.07,0.0755,29.1391,5.0,93.4579,2.25,1.5421,1,RECOVERY,8,5,92.7152
57,556108,Will MegaETH perform an airdrop by June 30? ,No,2026-04-03T22:57:05+00:00,2026-04-04T20:43:29.052192,0.3685,0.46,0.5045,26.9574,5.0,13.5685,21.77,1.2415,1,RECOVERY,22,4,91.1794
58,553838,Will the Minnesota Wild win the 2026 NHL Stanley Cup?,Yes,2026-04-04T15:13:11+00:00,2026-04-04T21:28:30.816089,0.0415,0.046,0.049,15.3061,5.0,120.4819,6.26,0.5422,1,RECOVERY,15,5,93.8776
59,544092,Will Harvey Weinstein be sentenced to no prison time?,Yes,2026-04-04T00:42:13+00:00,2026-04-04T23:13:35.823434,0.279,0.3425,0.33,15.4545,5.0,17.9211,22.52,1.138,1,RECOVERY,0,5,103.7879
60,544097,Will Harvey Weinstein be sentenced to more than 30 years in prison?,Yes,2026-04-04T21:58:32+00:00,2026-04-04T23:58:38.508826,0.056,0.095,0.08,30.0,5.0,89.2857,2.0,3.4821,1,RECOVERY,21,5,118.75
61,544094,Will Harvey Weinstein be sentenced to between 5 and 10 years in prison?,Yes,2026-04-04T04:12:25+00:00,2026-04-05T00:58:40.767899,0.0805,0.0885,0.0975,17.4359,5.0,62.1118,20.77,0.4969,1,RECOVERY,4,5,90.7692
62,544097,Will Harvey Weinstein be sentenced to more than 30 years in prison?,Yes,2026-04-05T00:43:39+00:00,2026-04-05T01:58:43.859926,0.0675,0.0985,0.095,28.9474,5.0,74.0741,1.25,2.2963,1,RECOVERY,0,6,103.6842
63,544095,Will Harvey Weinstein be sentenced to between 10 and 20 years in prison?,Yes,2026-04-05T00:28:39+00:00,2026-04-05T02:58:47.189643,0.169,0.253,0.2,15.5,5.0,29.5858,2.5,2.4852,1,RECOVERY,0,6,126.5
64,544095,Will Harvey Weinstein be sentenced to between 10 and 20 years in prison?,Yes,2026-04-05T04:28:51+00:00,2026-04-05T04:43:51.878922,0.26,0.286,0.31,16.129,5.0,19.2308,0.25,0.5,1,RECOVERY,4,6,92.2581
65,544097,Will Harvey Weinstein be sentenced to more than 30 years in prison?,Yes,2026-04-05T04:43:51+00:00,2026-04-05T05:58:56.056545,0.071,0.118,0.1105,35.7466,5.0,70.4225,1.25,3.3099,1,RECOVERY,4,6,106.7873
66,531202,BitBoy convicted?,Yes,2026-03-31T13:31:59+00:00,2026-04-05T06:42:17.111647,0.735,0.735,0.875,16.0,2.0,2.7211,113.17,0.0,0,TIMEOUT_48H,13,1,84.0
67,550694,Will Italy qualify for the 2026 FIFA World Cup?,Yes,2026-03-31T20:34:35+00:00,2026-04-05T06:42:17.111747,0.47,0.47,0.895,47.486,2.0,4.2553,106.13,0.0,0,TIMEOUT_48H,20,1,52.514
68,550703,Will Sweden qualify for the 2026 FIFA World Cup?,No,2026-03-31T20:34:35+00:00,2026-04-05T06:42:17.111842,0.075,0.075,0.43,82.5581,2.0,26.6667,106.13,0.0,0,TIMEOUT_48H,20,1,17.4419
69,550706,Will Poland qualify for the 2026 FIFA World Cup?,Yes,2026-03-31T20:34:35+00:00,2026-04-05T06:42:17.111905,0.255,0.255,0.44,42.0455,2.0,7.8431,106.13,0.0,0,TIMEOUT_48H,20,1,57.9545
70,544092,Will Harvey Weinstein be sentenced to no prison time?,Yes,2026-04-05T05:58:56+00:00,2026-04-05T09:13:41.173462,0.239,0.3145,0.3485,31.4204,5.0,20.9205,3.25,1.5795,1,RECOVERY,5,6,90.2439
71,544096,Will Harvey Weinstein be sentenced to between 20 and 30 years in prison?,Yes,2026-04-05T02:58:47+00:00,2026-04-05T13:14:05.204963,0.211,0.2915,0.3225,34.5736,5.0,23.6967,10.26,1.9076,1,RECOVERY,2,6,90.3876
72,544093,Will Harvey Weinstein be sentenced to less than 5 years in prison?,Yes,2026-04-03T15:56:39+00:00,2026-04-05T16:10:47.632485,0.122,0.079,0.1605,23.9875,5.0,40.9836,48.24,-1.7623,0,TIMEOUT_48H,15,4,49.2212
73,544097,Will Harvey Weinstein be sentenced to more than 30 years in prison?,Yes,2026-04-05T09:13:41+00:00,2026-04-05T17:49:31.070679,0.0855,0.1225,0.1235,30.7692,5.0,58.4795,8.6,2.1637,1,RECOVERY,9,6,99.1903
74,544092,Will Harvey Weinstein be sentenced to no prison time?,Yes,2026-04-05T18:19:33+00:00,2026-04-05T18:49:35.689846,0.288,0.315,0.34,15.2941,5.0,17.3611,0.5,0.4688,1,RECOVERY,18,6,92.6471
75,544095,Will Harvey Weinstein be sentenced to between 10 and 20 years in prison?,No,2026-04-05T02:58:47+00:00,2026-04-05T21:19:44.430123,0.747,0.8295,0.915,18.3607,5.0,6.6934,18.35,0.5522,1,RECOVERY,2,6,90.6557
76,544094,Will Harvey Weinstein be sentenced to between 5 and 10 years in prison?,Yes,2026-04-05T04:58:52+00:00,2026-04-05T21:19:44.430238,0.073,0.081,0.0885,17.5141,5.0,68.4932,16.35,0.5479,1,RECOVERY,4,6,91.5254
77,544096,Will Harvey Weinstein be sentenced to between 20 and 30 years in prison?,Yes,2026-04-05T14:44:11+00:00,2026-04-05T22:04:47.162073,0.245,0.275,0.2915,15.952,5.0,20.4082,7.34,0.6122,1,RECOVERY,14,6,94.3396
78,561365,Will Cooper Flagg win the 2025–26 NBA Rookie of the Year award?,Yes,2026-04-04T04:57:28+00:00,2026-04-06T00:04:53.566369,0.287,0.351,0.358,19.8324,5.0,17.4216,43.12,1.115,1,RECOVERY,4,5,98.0447
79,544094,Will Harvey Weinstein be sentenced to between 5 and 10 years in prison?,Yes,2026-04-06T01:04:56+00:00,2026-04-06T01:49:58.531831,0.0685,0.0735,0.081,15.4321,5.0,72.9927,0.75,0.365,1,RECOVERY,1,0,90.7407
80,553852,Will the Pittsburgh Penguins win the 2026 NHL Stanley Cup?,Yes,2026-04-06T01:49:58+00:00,2026-04-06T02:50:01.960119,0.0375,0.0415,0.0445,15.7303,5.0,133.3333,1.0,0.5333,1,RECOVERY,1,0,93.2584
81,561365,Will Cooper Flagg win the 2025–26 NBA Rookie of the Year award?,No,2026-04-04T03:12:22+00:00,2026-04-06T03:20:03.273402,0.789,0.3575,0.969,18.5759,5.0,6.3371,48.13,-2.7345,0,TIMEOUT_48H,3,5,36.8937
82,556108,Will MegaETH perform an airdrop by June 30? ,Yes,2026-04-05T05:13:53+00:00,2026-04-06T09:35:22.501248,0.431,0.5005,0.5425,20.553,5.0,11.6009,28.36,0.8063,1,RECOVERY,5,6,92.2581
83,544094,Will Harvey Weinstein be sentenced to between 5 and 10 years in prison?,Yes,2026-04-06T10:05:23+00:00,2026-04-06T13:39:42.235521,0.0705,0.0825,0.0865,18.4971,5.0,70.922,3.57,0.8511,1,RECOVERY,10,0,95.3757
84,544094,Will Harvey Weinstein be sentenced to between 5 and 10 years in prison?,Yes,2026-04-06T15:26:25+00:00,2026-04-06T18:26:37.142277,0.0675,0.081,0.0825,18.1818,5.0,74.0741,3.0,1.0,1,RECOVERY,15,0,98.1818
85,553837,Will the Ottawa Senators win the 2026 NHL Stanley Cup?,Yes,2026-04-06T19:11:40+00:00,2026-04-06T20:11:43.878256,0.04,0.0435,0.0475,15.7895,5.0,125.0,1.0,0.4375,1,RECOVERY,19,0,91.5789
86,544097,Will Harvey Weinstein be sentenced to more than 30 years in prison?,Yes,2026-04-05T18:04:32+00:00,2026-04-07T00:56:58.299813,0.098,0.1175,0.1225,20.0,5.0,51.0204,30.87,0.9949,1,RECOVERY,18,6,95.9184
87,544097,Will Harvey Weinstein be sentenced to more than 30 years in prison?,Yes,2026-04-07T01:42:01+00:00,2026-04-07T02:27:04.068442,0.113,0.139,0.143,20.979,5.0,44.2478,0.75,1.1504,1,RECOVERY,1,1,97.2028
88,544092,Will Harvey Weinstein be sentenced to no prison time?,Yes,2026-04-07T04:05:08+00:00,2026-04-07T10:05:27.915108,0.256,0.275,0.3055,16.2029,5.0,19.5312,6.01,0.3711,1,RECOVERY,4,1,90.0164
89,544095,Will Harvey Weinstein be sentenced to between 10 and 20 years in prison?,Yes,2026-04-05T11:13:54+00:00,2026-04-07T11:20:33.530799,0.2195,0.2235,0.315,30.3175,5.0,22.779,48.11,0.0911,1,TIMEOUT_48H,11,6,70.9524
90,553849,Will the Montreal Canadiens win the 2026 NHL Stanley Cup?,Yes,2026-04-05T11:13:54+00:00,2026-04-07T11:20:33.530901,0.0655,0.0475,0.0825,20.6061,5.0,76.3359,48.11,-1.374,0,TIMEOUT_48H,11,6,57.5758
91,553851,Will the Buffalo Sabres win the 2026 NHL Stanley Cup?,Yes,2026-04-07T09:20:25+00:00,2026-04-07T12:05:36.401335,0.0415,0.046,0.049,15.3061,5.0,120.4819,2.75,0.5422,1,RECOVERY,9,1,93.8776
92,544094,Will Harvey Weinstein be sentenced to between 5 and 10 years in prison?,Yes,2026-04-07T04:35:10+00:00,2026-04-07T12:35:38.025409,0.0695,0.078,0.0845,17.7515,5.0,71.9424,8.01,0.6115,1,RECOVERY,4,1,92.3077
93,559661,Will Jon Ossoff win the 2028 Democratic presidential nomination?,Yes,2026-04-05T13:14:05+00:00,2026-04-07T13:20:40.724721,0.074,0.0665,0.0875,15.4286,5.0,67.5676,48.11,-0.5068,0,TIMEOUT_48H,13,6,76.0
94,544093,Will Harvey Weinstein be sentenced to less than 5 years in prison?,Yes,2026-04-05T18:04:32+00:00,2026-04-07T18:07:06.095607,0.084,0.0745,0.103,18.4466,5.0,59.5238,48.04,-0.5655,0,TIMEOUT_48H,18,6,72.3301
95,544097,Will Harvey Weinstein be sentenced to more than 30 years in prison?,Yes,2026-04-07T13:35:41+00:00,2026-04-07T18:37:11.715568,0.0985,0.1295,0.1205,18.2573,5.0,50.7614,5.02,1.5736,1,RECOVERY,13,1,107.4689
96,553852,Will the Pittsburgh Penguins win the 2026 NHL Stanley Cup?,Yes,2026-04-07T08:20:21+00:00,2026-04-07T20:07:26.578520,0.0475,0.057,0.0575,17.3913,5.0,105.2632,11.78,1.0,1,RECOVERY,8,1,99.1304
97,561370,Will Kon Knueppel win the 2025–26 NBA Rookie of the Year award?,Yes,2026-04-06T00:19:54+00:00,2026-04-08T00:22:58.390178,0.4145,0.3145,0.707,41.372,5.0,12.0627,48.05,-1.2063,0,TIMEOUT_48H,0,0,44.4837
98,544097,Will Harvey Weinstein be sentenced to more than 30 years in prison?,Yes,2026-04-07T23:37:53+00:00,2026-04-08T01:38:06.419460,0.1075,0.1405,0.1365,21.2454,5.0,46.5116,2.0,1.5349,1,RECOVERY,23,1,102.9304
99,561365,Will Cooper Flagg win the 2025–26 NBA Rookie of the Year award?,No,2026-04-06T03:20:03+00:00,2026-04-08T03:23:18.664311,0.3575,0.22,0.694,48.487,5.0,13.986,48.05,-1.9231,0,TIMEOUT_48H,3,0,31.7003
100,553858,Will the New York Knicks win the 2026 NBA Finals?,Yes,2026-04-08T01:08:03+00:00,2026-04-08T04:08:24.850163,0.0315,0.0365,0.04,21.25,5.0,158.7302,3.01,0.7937,1,RECOVERY,1,2,91.25
101,559661,Will Jon Ossoff win the 2028 Democratic presidential nomination?,Yes,2026-04-07T22:22:46+00:00,2026-04-08T04:53:30.546989,0.0565,0.0665,0.0665,15.0376,5.0,88.4956,6.51,0.885,1,RECOVERY,22,1,100.0
102,553852,Will the Pittsburgh Penguins win the 2026 NHL Stanley Cup?,Yes,2026-04-08T01:23:05+00:00,2026-04-08T06:38:43.917596,0.0495,0.0535,0.0585,15.3846,5.0,101.0101,5.26,0.404,1,RECOVERY,1,2,91.453
103,544097,Will Harvey Weinstein be sentenced to more than 30 years in prison?,Yes,2026-04-08T05:23:34+00:00,2026-04-08T07:08:47.986600,0.1185,0.132,0.1405,15.6584,5.0,42.1941,1.75,0.5696,1,RECOVERY,5,2,93.9502
104,553837,Will the Ottawa Senators win the 2026 NHL Stanley Cup?,Yes,2026-04-06T23:26:54+00:00,2026-04-08T08:23:55.970628,0.0365,0.0395,0.0435,16.092,5.0,136.9863,32.95,0.411,1,RECOVERY,23,0,90.8046
105,553837,Will the Ottawa Senators win the 2026 NHL Stanley Cup?,Yes,2026-04-08T09:24:03+00:00,2026-04-08T10:09:07.663553,0.0315,0.037,0.0405,22.2222,5.0,158.7302,0.75,0.873,1,RECOVERY,9,2,91.358
106,556108,Will MegaETH perform an airdrop by June 30? ,Yes,2026-04-06T10:20:24+00:00,2026-04-08T10:24:13.373874,0.419,0.4055,0.5005,16.2837,5.0,11.9332,48.06,-0.1611,0,TIMEOUT_48H,10,0,81.019
107,544097,Will Harvey Weinstein be sentenced to more than 30 years in prison?,Yes,2026-04-08T09:09:00+00:00,2026-04-08T11:24:19.713689,0.085,0.127,0.132,35.6061,5.0,58.8235,2.26,2.4706,1,RECOVERY,9,2,96.2121
108,553826,Will the Edmonton Oilers win the 2026 NHL Stanley Cup?,Yes,2026-04-08T12:39:27+00:00,2026-04-08T13:24:32.342369,0.06,0.07,0.075,20.0,5.0,83.3333,0.75,0.8333,1,RECOVERY,12,2,93.3333
109,561365,Will Cooper Flagg win the 2025–26 NBA Rookie of the Year award?,No,2026-04-08T03:23:19+00:00,2026-04-08T14:27:51.602129,0.22,0.3175,0.3265,32.6187,5.0,22.7273,11.08,2.2159,1,RECOVERY,3,2,97.2435
110,561370,Will Kon Knueppel win the 2025–26 NBA Rookie of the Year award?,Yes,2026-04-08T03:23:19+00:00,2026-04-08T15:52:17.259023,0.214,0.305,0.3185,32.81,5.0,23.3645,12.48,2.1262,1,RECOVERY,3,2,95.7614
111,561370,Will Kon Knueppel win the 2025–26 NBA Rookie of the Year award?,Yes,2026-04-09T02:02:58+00:00,2026-04-09T03:03:08.873002,0.3255,0.383,0.3945,17.4905,5.0,15.361,1.0,0.8833,1,RECOVERY,2,3,97.0849
112,544093,Will Harvey Weinstein be sentenced to less than 5 years in prison?,Yes,2026-04-09T13:19:32+00:00,2026-04-09T15:34:50.811993,0.0485,0.0645,0.067,27.6119,5.0,103.0928,2.26,1.6495,1,RECOVERY,13,3,96.2687
113,544093,Will Harvey Weinstein be sentenced to less than 5 years in prison?,Yes,2026-04-09T17:35:03+00:00,2026-04-09T17:50:05.671417,0.054,0.061,0.0645,16.2791,5.0,92.5926,0.25,0.6481,1,RECOVERY,17,3,94.5736
114,553857,Will the Cleveland Cavaliers win the 2026 NBA Finals?,Yes,2026-04-08T01:08:03+00:00,2026-04-09T19:05:13.781369,0.0425,0.0455,0.0505,15.8416,5.0,117.6471,41.95,0.3529,1,RECOVERY,1,2,90.099
115,561370,Will Kon Knueppel win the 2025–26 NBA Rookie of the Year award?,No,2026-04-09T18:35:11+00:00,2026-04-09T19:35:16.459207,0.4455,0.505,0.56,20.4464,5.0,11.2233,1.0,0.6678,1,RECOVERY,18,3,90.1786
116,553838,Will the Minnesota Wild win the 2026 NHL Stanley Cup?,Yes,2026-04-09T06:48:40+00:00,2026-04-09T20:20:20.250541,0.0435,0.0505,0.0525,17.1429,5.0,114.9425,13.53,0.8046,1,RECOVERY,6,3,96.1905
117,544096,Will Harvey Weinstein be sentenced to between 20 and 30 years in prison?,Yes,2026-04-08T09:39:05+00:00,2026-04-09T22:50:29.996657,0.1925,0.2635,0.2415,20.2899,5.0,25.974,37.19,1.8442,1,RECOVERY,9,2,109.1097
118,544096,Will Harvey Weinstein be sentenced to between 20 and 30 years in prison?,Yes,2026-04-09T23:50:33+00:00,2026-04-10T00:05:34.181674,0.205,0.2385,0.2635,22.2011,5.0,24.3902,0.25,0.8171,1,RECOVERY,23,3,90.5123
119,544093,Will Harvey Weinstein be sentenced to less than 5 years in prison?,Yes,2026-04-10T00:05:35+00:00,2026-04-10T00:20:36.613267,0.0575,0.0645,0.07,17.8571,5.0,86.9565,0.25,0.6087,1,RECOVERY,0,4,92.1429
120,561370,Will Kon Knueppel win the 2025–26 NBA Rookie of the Year award?,No,2026-04-09T20:35:21+00:00,2026-04-10T01:05:39.927031,0.449,0.492,0.542,17.1587,5.0,11.1359,4.51,0.4788,1,RECOVERY,20,3,90.7749
121,553852,Will the Pittsburgh Penguins win the 2026 NHL Stanley Cup?,Yes,2026-04-08T13:39:35+00:00,2026-04-10T14:07:39.930798,0.0425,0.044,0.054,21.2963,5.0,117.6471,48.47,0.1765,1,TIMEOUT_48H,13,2,81.4815
122,553829,Will the Vegas Golden Knights win the 2026 NHL Stanley Cup?,Yes,2026-04-09T04:48:22+00:00,2026-04-10T19:38:39.837392,0.056,0.066,0.0695,19.4245,5.0,89.2857,38.84,0.8929,1,RECOVERY,4,3,94.964
123,561365,Will Cooper Flagg win the 2025–26 NBA Rookie of the Year award?,Yes,2026-04-09T18:35:10+00:00,2026-04-11T01:09:32.462455,0.243,0.602,0.561,56.6845,5.0,20.5761,30.57,7.3868,1,RECOVERY,18,3,107.3084
124,561365,Will Cooper Flagg win the 2025–26 NBA Rookie of the Year award?,Yes,2026-04-11T02:24:45+00:00,2026-04-11T02:54:51.601307,0.5855,0.6405,0.6945,15.6947,5.0,8.5397,0.5,0.4697,1,RECOVERY,2,5,92.2246
125,553852,Will the Pittsburgh Penguins win the 2026 NHL Stanley Cup?,Yes,2026-04-10T19:08:34+00:00,2026-04-11T03:24:56.302940,0.0375,0.042,0.0445,15.7303,5.0,133.3333,8.27,0.6,1,RECOVERY,19,4,94.382
126,643399,Will the Portland Trail Blazers make the NBA Playoffs?,No,2026-04-11T04:24:44+00:00,2026-04-11T04:40:08.348419,0.435,0.51,0.565,23.0088,5.0,11.4943,0.26,0.8621,1,RECOVERY,4,5,90.2655
127,643398,Will the Phoenix Suns make the NBA Playoffs?,No,2026-04-11T04:24:44+00:00,2026-04-11T04:40:08.349143,0.23,0.265,0.285,19.2982,5.0,21.7391,0.26,0.7609,1,RECOVERY,4,5,92.9825
128,643396,Will the Orlando Magic make the NBA Playoffs?,No,2026-04-11T05:10:55+00:00,2026-04-11T05:41:41.045789,0.195,0.235,0.25,22.0,5.0,25.641,0.51,1.0256,1,RECOVERY,5,5,94.0
129,643397,Will the Philadelphia 76ers make the NBA Playoffs?,No,2026-04-11T04:40:09+00:00,2026-04-11T06:12:24.653279,0.26,0.305,0.325,20.0,5.0,19.2308,1.54,0.8654,1,RECOVERY,4,5,93.8462
130,947289,Will Roberto Sánchez Palomino win the 2026 Peruvian presidential election?,Yes,2026-04-11T05:26:19+00:00,2026-04-11T06:27:46.203214,0.053,0.059,0.0635,16.5354,5.0,94.3396,1.02,0.566,1,RECOVERY,5,5,92.9134
131,1006079,Will US GDP growth in Q1 2026 be greater than 3.5%?,Yes,2026-04-11T06:12:25+00:00,2026-04-11T06:27:46.203371,0.055,0.07,0.065,15.3846,5.0,90.9091,0.26,1.3636,1,RECOVERY,6,5,107.6923
132,897017,Will Netflix close Warner Bros acquisition?,Yes,2026-04-11T07:13:55+00:00,2026-04-11T09:44:19.694909,0.0405,0.049,0.049,17.3469,5.0,123.4568,2.51,1.0494,1,RECOVERY,7,5,100.0
133,568652,Will Justin Rose win the 2026 Masters tournament?,Yes,2026-04-11T11:16:40+00:00,2026-04-11T11:47:27.865529,0.0325,0.037,0.0395,17.7215,5.0,153.8462,0.51,0.6923,1,RECOVERY,11,5,93.6709
134,544097,Will Harvey Weinstein be sentenced to more than 30 years in prison?,Yes,2026-04-09T12:19:26+00:00,2026-04-11T12:33:25.889826,0.126,0.126,0.1515,16.8317,5.0,39.6825,48.23,0.0,0,TIMEOUT_48H,12,3,83.1683
135,694160,"Will Axiom launch a token by December 31, 2026?",Yes,2026-04-11T13:19:03+00:00,2026-04-11T13:49:25.253625,0.22,0.265,0.275,20.0,5.0,22.7273,0.51,1.0227,1,RECOVERY,13,5,96.3636
136,643390,Will the Miami Heat make the NBA Playoffs?,Yes,2026-04-11T07:29:16+00:00,2026-04-11T14:50:07.144432,0.22,0.29,0.26,15.3846,5.0,22.7273,7.35,1.5909,1,RECOVERY,7,5,111.5385
137,568648,Will Patrick Reed win the 2026 Masters tournament?,Yes,2026-04-11T14:50:07+00:00,2026-04-11T15:05:17.695628,0.0375,0.0485,0.0485,22.6804,5.0,133.3333,0.25,1.4667,1,RECOVERY,14,5,100.0
138,693491,Will Venezuela recognize Israel by June 30?,Yes,2026-04-11T12:48:40+00:00,2026-04-11T17:06:43.398198,0.06,0.085,0.075,20.0,5.0,83.3333,4.3,2.0833,1,RECOVERY,12,5,113.3333
139,568665,Will Sam Burns win the 2026 Masters tournament?,Yes,2026-04-11T18:07:22+00:00,2026-04-11T18:37:43.755949,0.035,0.0375,0.0415,15.6627,5.0,142.8571,0.51,0.3571,1,RECOVERY,18,5,90.3614
140,561365,Will Cooper Flagg win the 2025–26 NBA Rookie of the Year award?,No,2026-04-09T18:50:12+00:00,2026-04-11T18:52:53.842937,0.4955,0.4955,0.757,34.5443,5.0,10.0908,48.04,0.0,0,TIMEOUT_48H,18,3,65.4557
141,951183,Will the Bharatiya Janata Party (BJP) win the most seats in the 2026 West Bengal Legislative Assembly election?,No,2026-04-11T13:49:25+00:00,2026-04-11T19:23:13.218957,0.5095,0.543,0.6025,15.4357,5.0,9.8135,5.56,0.3288,1,RECOVERY,13,5,90.1245
142,629085,Will the Tampa Bay Lightning win the Atlantic Division?,Yes,2026-04-11T18:07:23+00:00,2026-04-11T19:23:13.219091,0.05,0.085,0.08,37.5,5.0,100.0,1.26,3.5,1,RECOVERY,18,5,106.25
143,568668,Will Cameron Young win the 2026 Masters tournament?,Yes,2026-04-11T20:39:05+00:00,2026-04-11T20:54:17.223313,0.1185,0.1905,0.142,16.5493,5.0,42.1941,0.25,3.038,1,RECOVERY,20,5,134.1549
144,568630,Will Rory McIlroy win the 2026 Masters tournament?,Yes,2026-04-11T19:08:03+00:00,2026-04-11T21:24:38.503809,0.58,0.655,0.715,18.8811,5.0,8.6207,2.28,0.6466,1,RECOVERY,19,5,91.6084
145,568668,Will Cameron Young win the 2026 Masters tournament?,No,2026-04-11T20:54:17+00:00,2026-04-11T21:24:38.503939,0.8095,0.885,0.9805,17.4401,5.0,6.1767,0.51,0.4663,1,RECOVERY,20,5,90.2601
146,947288,Will Jorge Nieto win the 2026 Peruvian presidential election?,Yes,2026-04-11T21:09:28+00:00,2026-04-11T21:39:48.992832,0.0345,0.0495,0.049,29.5918,5.0,144.9275,0.51,2.1739,1,RECOVERY,21,5,101.0204
147,568630,Will Rory McIlroy win the 2026 Masters tournament?,No,2026-04-11T21:24:39+00:00,2026-04-11T21:39:48.992969,0.345,0.585,0.495,30.303,5.0,14.4928,0.25,3.4783,1,RECOVERY,21,5,118.1818
148,568647,Will Shane Lowry win the 2026 Masters tournament?,Yes,2026-04-11T20:39:05+00:00,2026-04-12T00:11:30.620393,0.061,0.072,0.0795,23.2704,5.0,81.9672,3.54,0.9016,1,RECOVERY,20,5,90.566
149,568653,Will Jason Day win the 2026 Masters tournament?,Yes,2026-04-12T00:11:30+00:00,2026-04-12T00:26:40.365082,0.031,0.035,0.0365,15.0685,5.0,161.2903,0.25,0.6452,1,RECOVERY,0,6,95.8904
150,1003801,Will the All India Anna Dravida Munnetra Kazhagam (ADMK) win the most seats in the 2026 Tamil Nadu Legislative Assembly ,Yes,2026-04-12T00:26:41+00:00,2026-04-12T01:12:11.953579,0.116,0.142,0.1405,17.4377,5.0,43.1034,0.76,1.1207,1,RECOVERY,0,6,101.0676
151,1003803,Will the Dravida Munnetra Kazhagam (DMK) win the most seats in the 2026 Tamil Nadu Legislative Assembly election?,No,2026-04-12T00:26:40+00:00,2026-04-12T01:27:21.963577,0.21,0.225,0.25,16.0,5.0,23.8095,1.01,0.3571,1,RECOVERY,0,6,90.0
152,559651,Xi Jinping out before 2027?,Yes,2026-04-10T01:35:42+00:00,2026-04-12T01:42:31.974476,0.0845,0.0845,0.1115,24.2152,5.0,59.1716,48.11,0.0,0,TIMEOUT_48H,1,4,75.7848
153,991924,Will David Bailey be the second pick in the 2026 NFL draft?,Yes,2026-04-11T23:41:10+00:00,2026-04-12T01:57:41.916939,0.26,0.48,0.465,44.086,5.0,19.2308,2.28,4.2308,1,RECOVERY,23,5,103.2258
154,693485,Will Lebanon recognize Israel by June 30?,Yes,2026-04-12T03:28:43+00:00,2026-04-12T04:44:32.528981,0.1585,0.1815,0.2015,21.34,5.0,31.5457,1.26,0.7256,1,RECOVERY,3,6,90.0744
155,667075,Consensys IPO closing market cap above $3B?,Yes,2026-04-12T03:28:42+00:00,2026-04-12T07:01:05.128055,0.165,0.18,0.195,15.3846,5.0,30.303,3.54,0.4545,1,RECOVERY,3,6,92.3077
156,1003805,Will Tamilaga Vettri Kazhagam (TVK) win the most seats in the 2026 Tamil Nadu Legislative Assembly election?,Yes,2026-04-12T08:16:57+00:00,2026-04-12T08:32:12.375461,0.0605,0.069,0.0755,19.8675,5.0,82.6446,0.25,0.7025,1,RECOVERY,8,6,91.3907
157,645082,Will Connor McDavid win the 2025–2026 NHL Art Ross Trophy?,No,2026-04-12T10:20:16+00:00,2026-04-12T10:35:31.956397,0.0705,0.0795,0.0835,15.5689,1.0,14.1844,0.25,0.1277,1,RECOVERY,10,6,95.2096
158,630818,Will the Democrats win the Minnesota Senate race in 2026?,No,2026-04-12T11:36:15+00:00,2026-04-12T11:51:27.950129,0.095,0.115,0.12,20.8333,1.0,10.5263,0.25,0.2105,1,RECOVERY,11,6,95.8333
159,991924,Will David Bailey be the second pick in the 2026 NFL draft?,No,2026-04-12T01:57:42+00:00,2026-04-12T12:52:09.662951,0.52,0.71,0.74,29.7297,5.0,9.6154,10.91,1.8269,1,RECOVERY,1,6,95.9459
160,814613,Will the Democratic Progressive Party (DPP) win the most head of local government elections in the 2026 Taiwan local ele,No,2026-04-12T12:06:39+00:00,2026-04-12T13:37:39.387859,0.675,0.77,0.835,19.1617,1.0,1.4815,1.52,0.1407,1,RECOVERY,12,6,92.2156
161,544093,Will Harvey Weinstein be sentenced to less than 5 years in prison?,Yes,2026-04-10T14:37:45+00:00,2026-04-12T14:38:22.597766,0.0395,0.0395,0.055,28.1818,5.0,126.5823,48.01,0.0,0,TIMEOUT_48H,14,4,71.8182
162,646272,Will the Los Angeles Kings make the NHL Playoffs?,No,2026-04-12T03:59:03+00:00,2026-04-12T16:24:37.649941,0.145,0.285,0.3,51.6667,5.0,34.4828,12.43,4.8276,1,RECOVERY,3,6,95.0
163,646272,Will the Los Angeles Kings make the NHL Playoffs?,Yes,2026-04-12T16:24:38+00:00,2026-04-12T16:39:48.807058,0.715,0.86,0.845,15.3846,1.0,1.3986,0.25,0.2028,1,RECOVERY,16,6,101.7751
164,644510,"Spain snap election called by June 30, 2026?",Yes,2026-04-11T11:16:40+00:00,2026-04-12T17:25:23.175713,0.045,0.065,0.065,30.7692,5.0,111.1111,30.15,2.2222,1,RECOVERY,11,5,100.0
165,568629,Will Scottie Scheffler win the 2026 Masters tournament?,Yes,2026-04-11T19:23:13+00:00,2026-04-12T17:25:23.175885,0.069,0.0955,0.105,34.2857,5.0,72.4638,22.04,1.9203,1,RECOVERY,19,5,90.9524
166,568652,Will Justin Rose win the 2026 Masters tournament?,No,2026-04-12T20:12:23+00:00,2026-04-12T21:28:15.547082,0.683,0.895,0.964,29.1494,1.0,1.4641,1.26,0.3104,1,RECOVERY,20,6,92.8423
167,629720,Will the Democrats win the Wisconsin governor race in 2026?,No,2026-04-12T22:28:56+00:00,2026-04-12T22:44:06.033241,0.14,0.15,0.165,15.1515,1.0,7.1429,0.25,0.0714,1,RECOVERY,22,6,90.9091
168,631018,Will the Republicans win the Mississippi Senate race in 2026?,No,2026-04-12T23:44:46+00:00,2026-04-12T23:59:57.020331,0.085,0.095,0.105,19.0476,1.0,11.7647,0.25,0.1176,1,RECOVERY,23,6,90.4762
169,629465,Will the Republicans win the Michigan governor race in 2026?,Yes,2026-04-12T13:52:49+00:00,2026-04-13T00:30:17.666534,0.195,0.21,0.23,15.2174,1.0,5.1282,10.62,0.0769,1,RECOVERY,13,6,91.3043
170,553829,Will the Vegas Golden Knights win the 2026 NHL Stanley Cup?,Yes,2026-04-11T00:39:27+00:00,2026-04-13T00:45:27.860203,0.0575,0.0575,0.0685,16.0584,5.0,86.9565,48.1,0.0,0,TIMEOUT_48H,0,5,83.9416
171,561370,Will Kon Knueppel win the 2025–26 NBA Rookie of the Year award?,Yes,2026-04-11T01:09:32+00:00,2026-04-13T01:15:49.719901,0.3795,0.3795,0.5385,29.5265,5.0,13.1752,48.1,0.0,0,TIMEOUT_48H,1,5,70.4735
172,991917,Will Arvell Reese be the second pick in the 2026 NFL draft?,Yes,2026-04-12T22:44:06+00:00,2026-04-13T01:46:09.911253,0.345,0.49,0.515,33.0097,1.0,2.8986,3.03,0.4203,1,RECOVERY,22,6,95.1456
173,561370,Will Kon Knueppel win the 2025–26 NBA Rookie of the Year award?,No,2026-04-11T02:24:46+00:00,2026-04-13T02:31:42.225679,0.5865,0.5865,0.7145,17.9146,5.0,8.5251,48.12,0.0,0,TIMEOUT_48H,2,5,82.0854
174,561365,Will Cooper Flagg win the 2025–26 NBA Rookie of the Year award?,Yes,2026-04-11T03:55:00+00:00,2026-04-13T04:02:43.314955,0.5825,0.5825,0.6945,16.1267,5.0,8.5837,48.13,0.0,0,TIMEOUT_48H,3,5,83.8733
175,643402,Will the Toronto Raptors make the NBA Playoffs?,No,2026-04-11T04:24:44+00:00,2026-04-13T04:33:03.026732,0.0845,0.0845,0.1,15.5,5.0,59.1716,48.14,0.0,0,TIMEOUT_48H,4,5,84.5
176,643386,Will the Los Angeles Clippers make the NBA Playoffs?,Yes,2026-04-11T04:40:09+00:00,2026-04-13T04:48:12.662672,0.37,0.37,0.545,32.1101,5.0,13.5135,48.13,0.0,0,TIMEOUT_48H,4,5,67.8899
177,703736,Will Gary Goodweather win the 2026 Democratic D.C. Mayoral Primary?,Yes,2026-04-13T04:33:03+00:00,2026-04-13T04:48:12.662807,0.056,0.0605,0.067,16.4179,1.0,17.8571,0.25,0.0804,1,RECOVERY,4,0,90.2985
178,991917,Will Arvell Reese be the second pick in the 2026 NFL draft?,No,2026-04-13T01:46:10+00:00,2026-04-13T05:03:23.047313,0.51,0.605,0.67,23.8806,1.0,1.9608,3.29,0.1863,1,RECOVERY,1,0,90.2985
179,643379,Will the Golden State Warriors make the NBA Playoffs?,Yes,2026-04-11T05:41:41+00:00,2026-04-13T05:48:54.046481,0.225,0.225,0.285,21.0526,5.0,22.2222,48.12,0.0,0,TIMEOUT_48H,5,5,78.9474
180,646258,Will the Philadelphia Flyers make the NHL Playoffs?,No,2026-04-13T03:17:12+00:00,2026-04-13T05:48:54.046698,0.215,0.42,0.395,45.5696,1.0,4.6512,2.53,0.9535,1,RECOVERY,3,0,106.3291
181,646258,Will the Philadelphia Flyers make the NHL Playoffs?,Yes,2026-04-13T05:48:54+00:00,2026-04-13T06:04:00.558803,0.58,0.765,0.785,26.1146,1.0,1.7241,0.25,0.319,1,RECOVERY,5,0,97.4522
182,707034,Will Solstice launch a token by December 31 2026?,No,2026-04-13T12:25:49+00:00,2026-04-13T12:40:59.626672,0.04,0.0525,0.0525,23.8095,1.0,25.0,0.25,0.3125,1,RECOVERY,12,0,100.0
183,646269,Will the Anaheim Ducks make the NHL Playoffs?,No,2026-04-13T11:40:25+00:00,2026-04-13T14:12:51.521401,0.088,0.1465,0.1405,37.3665,1.0,11.3636,2.54,0.6648,1,RECOVERY,11,0,104.2705
184,629398,Will the Republicans win the Iowa governor race in 2026?,Yes,2026-04-13T13:41:50+00:00,2026-04-13T14:12:51.522181,0.305,0.355,0.375,18.6667,1.0,3.2787,0.52,0.1639,1,RECOVERY,13,0,94.6667
185,629398,Will the Republicans win the Iowa governor race in 2026?,No,2026-04-13T14:43:17+00:00,2026-04-13T15:14:08.599068,0.59,0.69,0.7,15.7143,1.0,1.6949,0.51,0.1695,1,RECOVERY,14,0,98.5714
186,631045,Will the Republicans win the Florida Senate race in 2026?,No,2026-04-13T16:01:56+00:00,2026-04-13T16:17:07.335867,0.17,0.21,0.225,24.4444,1.0,5.8824,0.25,0.2353,1,RECOVERY,16,0,93.3333
187,656311,Will OpenAI IPO by June 30 2026?,Yes,2026-04-13T10:24:22+00:00,2026-04-13T16:47:28.810582,0.0365,0.042,0.0435,16.092,1.0,27.3973,6.39,0.1507,1,RECOVERY,10,0,96.5517
188,943826,Will the Republican Party hold exactly 54 Senate seats after the 2026 midterm elections?,Yes,2026-04-13T16:32:17+00:00,2026-04-13T17:17:48.704821,0.039,0.0475,0.0475,17.8947,1.0,25.641,0.76,0.2179,1,RECOVERY,16,0,100.0
189,568646,Will Tommy Fleetwood win the 2026 Masters tournament?,Yes,2026-04-11T17:21:54+00:00,2026-04-13T17:32:59.105975,0.0465,0.0465,0.055,15.4545,5.0,107.5269,48.18,0.0,0,TIMEOUT_48H,17,5,84.5455
190,568711,Will Hao-Tong Li win the 2026 Masters tournament?,Yes,2026-04-11T20:39:06+00:00,2026-04-13T20:50:05.462855,0.044,0.044,0.0595,26.0504,5.0,113.6364,48.18,0.0,0,TIMEOUT_48H,20,5,73.9496
191,630667,Will the Republicans win the Colorado Senate race in 2026?,Yes,2026-04-13T13:57:18+00:00,2026-04-13T20:50:05.462979,0.055,0.06,0.065,15.3846,1.0,18.1818,6.88,0.0909,1,RECOVERY,13,0,92.3077
192,629721,Will the Republicans win the Wisconsin governor race in 2026?,Yes,2026-04-12T18:26:07+00:00,2026-04-13T22:05:51.008145,0.16,0.185,0.195,17.9487,1.0,6.25,27.66,0.1562,1,RECOVERY,18,6,94.8718
193,644406,Will the New York Knicks win more than 53.5 regular season games in 2025–26?,Yes,2026-04-11T23:25:59+00:00,2026-04-13T23:36:47.679216,0.1795,0.1795,0.3,40.1667,5.0,27.8552,48.18,0.0,0,TIMEOUT_48H,23,5,59.8333
194,947271,Will Carlos Álvarez win the 2026 Peruvian presidential election?,Yes,2026-04-11T23:56:19+00:00,2026-04-14T00:07:05.830772,0.1215,0.1215,0.161,24.5342,5.0,41.1523,48.18,0.0,0,TIMEOUT_48H,23,5,75.4658
195,646254,Will the Columbus Blue Jackets make the NHL Playoffs?,No,2026-04-14T00:07:05+00:00,2026-04-14T00:22:15.371992,0.795,0.8745,0.956,16.841,1.0,1.2579,0.25,0.1,1,RECOVERY,0,1,91.4749
196,629083,Will the Montreal Canadiens win the Atlantic Division?,Yes,2026-04-12T00:41:50+00:00,2026-04-14T00:52:34.112752,0.115,0.115,0.1905,39.6325,5.0,43.4783,48.18,0.0,0,TIMEOUT_48H,0,6,60.3675
197,629080,Will the Buffalo Sabres win the Atlantic Division?,No,2026-04-12T00:57:01+00:00,2026-04-14T01:07:43.537035,0.252,0.252,0.3665,31.2415,5.0,19.8413,48.18,0.0,0,TIMEOUT_48H,0,6,68.7585
198,645085,Will Nikita Kucherov win the 2025–2026 NHL Art Ross Trophy?,Yes,2026-04-12T01:12:12+00:00,2026-04-14T01:22:52.640113,0.0725,0.0725,0.086,15.6977,5.0,68.9655,48.18,0.0,0,TIMEOUT_48H,1,6,84.3023
199,630884,Will the Republicans win the North Carolina Senate race in 2026?,Yes,2026-04-12T02:12:52+00:00,2026-04-14T02:23:31.084896,0.14,0.145,0.165,15.1515,5.0,35.7143,48.18,0.1786,1,TIMEOUT_48H,2,6,87.8788
200,646266,Will the Nashville Predators make the NHL Playoffs?,No,2026-04-13T05:48:54+00:00,2026-04-14T02:23:31.085016,0.71,0.995,0.875,18.8571,1.0,1.4085,20.58,0.4014,1,RECOVERY,5,0,113.7143
201,629478,Will the Republicans win the Minnesota governor race in 2026?,Yes,2026-04-13T14:58:39+00:00,2026-04-14T03:08:59.974513,0.055,0.065,0.07,21.4286,1.0,18.1818,12.17,0.1818,1,RECOVERY,14,0,92.8571
202,629708,Will the Republicans win the Vermont governor race in 2026?,Yes,2026-04-14T03:24:09+00:00,2026-04-14T03:39:18.862797,0.67,0.72,0.79,15.1899,1.0,1.4925,0.25,0.0746,1,RECOVERY,3,1,91.1392
203,703731,Will Janeese Lewis George win the 2026 Democratic D.C. Mayoral Primary?,No,2026-04-14T04:40:06+00:00,2026-04-14T04:55:41.648940,0.375,0.425,0.46,18.4783,1.0,2.6667,0.26,0.1333,1,RECOVERY,4,1,92.3913
204,732179,Felix Protocol FDV above $50M one day after launch?,Yes,2026-04-12T15:54:15+00:00,2026-04-14T05:57:53.340298,0.339,0.3925,0.424,20.0472,1.0,2.9499,38.06,0.1578,1,RECOVERY,15,6,92.5708
205,943824,Will the Republican Party hold exactly 52 Senate seats after the 2026 midterm elections?,Yes,2026-04-13T13:11:14+00:00,2026-04-14T06:29:01.650500,0.034,0.052,0.0575,40.8696,1.0,29.4118,17.3,0.5294,1,RECOVERY,13,0,90.4348
206,629054,Will the Edmonton Oilers win the Pacific Division?,Yes,2026-04-12T07:46:34+00:00,2026-04-14T07:47:06.161541,0.105,0.105,0.175,40.0,5.0,47.619,48.01,0.0,0,TIMEOUT_48H,7,6,60.0
207,703733,Will Kenyan McDuffie win the 2026 Democratic D.C. Mayoral Primary?,No,2026-04-14T10:21:01+00:00,2026-04-14T11:36:50.999377,0.67,0.725,0.795,15.7233,1.0,1.4925,1.26,0.0821,1,RECOVERY,10,1,91.195
208,629708,Will the Republicans win the Vermont governor race in 2026?,No,2026-04-14T03:39:19+00:00,2026-04-14T11:52:00.914587,0.28,0.3,0.33,15.1515,1.0,3.5714,8.21,0.0714,1,RECOVERY,3,1,90.9091
209,703731,Will Janeese Lewis George win the 2026 Democratic D.C. Mayoral Primary?,Yes,2026-04-14T12:52:38+00:00,2026-04-14T13:07:48.139761,0.53,0.605,0.65,18.4615,1.0,1.8868,0.25,0.1415,1,RECOVERY,12,1,93.0769
210,814613,Will the Democratic Progressive Party (DPP) win the most head of local government elections in the 2026 Taiwan local ele,Yes,2026-04-12T13:37:39+00:00,2026-04-14T13:38:09.518862,0.23,0.135,0.325,29.2308,1.0,4.3478,48.01,-0.413,0,TIMEOUT_48H,13,6,41.5385
211,630706,Will the Republicans win the Idaho Senate race in 2026?,No,2026-04-13T16:17:07+00:00,2026-04-14T13:38:09.519044,0.08,0.1,0.095,15.7895,1.0,12.5,21.35,0.25,1,RECOVERY,16,0,105.2632
212,629464,Will the Democrats win the Michigan governor race in 2026?,Yes,2026-04-14T13:07:48+00:00,2026-04-14T13:38:09.519180,0.555,0.665,0.675,17.7778,1.0,1.8018,0.51,0.1982,1,RECOVERY,13,1,98.5185
213,703733,Will Kenyan McDuffie win the 2026 Democratic D.C. Mayoral Primary?,Yes,2026-04-14T05:42:18+00:00,2026-04-14T13:53:26.706997,0.25,0.375,0.415,39.759,1.0,4.0,8.19,0.5,1,RECOVERY,5,1,90.3614
214,629324,Will the Democrats win the Florida governor race in 2026?,Yes,2026-04-14T13:53:27+00:00,2026-04-14T14:39:01.592534,0.225,0.26,0.275,18.1818,1.0,4.4444,0.76,0.1556,1,RECOVERY,13,1,94.5455
215,814612,Will Kuomintang (KMT) win the most head of local government elections in the 2026 Taiwan local elections?,No,2026-04-12T14:53:33+00:00,2026-04-14T14:54:13.223642,0.225,0.195,0.295,23.7288,1.0,4.4444,48.01,-0.1333,0,TIMEOUT_48H,14,6,66.1017
216,897030,"No listed company closes Warner Bros acquisition by June 30, 2027",Yes,2026-04-12T15:39:03+00:00,2026-04-14T15:41:54.631162,0.195,0.21,0.245,20.4082,1.0,5.1282,48.05,0.0769,1,TIMEOUT_48H,15,6,85.7143
217,629707,Will the Democrats win the Vermont governor race in 2026?,Yes,2026-04-14T13:53:27+00:00,2026-04-14T17:58:39.977309,0.17,0.19,0.2,15.0,1.0,5.8824,4.09,0.1176,1,RECOVERY,13,1,95.0
218,629627,Will the Democrats win the Rhode Island governor race in 2026?,No,2026-04-14T18:59:20+00:00,2026-04-14T19:29:40.163316,0.055,0.06,0.065,15.3846,1.0,18.1818,0.51,0.0909,1,RECOVERY,18,1,92.3077
219,568657,Will Russell Henley win the 2026 Masters tournament?,Yes,2026-04-12T20:27:34+00:00,2026-04-14T20:30:18.629905,0.0595,0.0595,0.1125,47.1111,1.0,16.8067,48.05,0.0,0,TIMEOUT_48H,20,6,52.8889
220,646254,Will the Columbus Blue Jackets make the NHL Playoffs?,Yes,2026-04-12T23:59:57+00:00,2026-04-15T00:02:30.703130,0.2,0.2,0.27,25.9259,1.0,5.0,48.04,0.0,0,TIMEOUT_48H,23,6,74.0741
221,966634,Will Jeremiyah Love go top 10 in the 2026 Pro Football draft? ,No,2026-04-13T01:15:50+00:00,2026-04-15T01:18:18.203848,0.0755,0.0755,0.1,24.5,1.0,13.245,48.04,0.0,0,TIMEOUT_48H,1,0,75.5
222,1006078,Will US GDP growth in Q1 2026 be between 3.0% and 3.5%?,Yes,2026-04-15T01:48:37+00:00,2026-04-15T02:03:47.377677,0.066,0.075,0.0815,19.0184,1.0,15.1515,0.25,0.1364,1,RECOVERY,1,2,92.0245
223,629464,Will the Democrats win the Michigan governor race in 2026?,No,2026-04-14T13:38:10+00:00,2026-04-15T02:49:17.962422,0.335,0.41,0.445,24.7191,1.0,2.9851,13.19,0.2239,1,RECOVERY,13,1,92.1348
224,1006073,Will US GDP growth in Q1 2026 be less than 1.0%?,Yes,2026-04-15T03:04:29+00:00,2026-04-15T03:19:40.499800,0.136,0.1595,0.164,17.0732,1.0,7.3529,0.25,0.1728,1,RECOVERY,3,2,97.2561
225,693484,Will Saudi Arabia recognize Israel by June 30?,Yes,2026-04-13T09:21:55+00:00,2026-04-15T09:23:49.261866,0.108,0.1025,0.134,19.403,1.0,9.2593,48.03,-0.0509,0,TIMEOUT_48H,9,0,76.4925
226,631044,Will the Democrats win the Florida Senate race in 2026?,Yes,2026-04-13T09:53:08+00:00,2026-04-15T09:54:08.662268,0.2,0.155,0.24,16.6667,1.0,5.0,48.02,-0.225,0,TIMEOUT_48H,9,0,64.5833
227,630924,Will the Democrats win the South Carolina Senate race in 2026?,Yes,2026-04-14T03:09:00+00:00,2026-04-15T09:54:08.662365,0.205,0.225,0.245,16.3265,1.0,4.878,30.75,0.0976,1,RECOVERY,3,1,91.8367
228,1006077,Will US GDP growth in Q1 2026 be between 2.5% and 3.0%?,Yes,2026-04-15T09:38:59+00:00,2026-04-15T10:54:44.970443,0.114,0.14,0.1555,26.6881,1.0,8.7719,1.26,0.2281,1,RECOVERY,9,2,90.0322
229,646266,Will the Nashville Predators make the NHL Playoffs?,Yes,2026-04-13T12:25:49+00:00,2026-04-15T12:40:54.452055,0.225,0.225,0.305,26.2295,1.0,4.4444,48.25,0.0,0,TIMEOUT_48H,12,0,73.7705
230,991975,Will Arvell Reese be the third pick in the 2026 NFL draft?,Yes,2026-04-15T10:54:45+00:00,2026-04-15T14:12:13.087089,0.295,0.33,0.35,15.7143,1.0,3.3898,3.29,0.1186,1,RECOVERY,10,2,94.2857
231,629653,Will the Democrats win the South Dakota governor race in 2026?,Yes,2026-04-15T20:46:21+00:00,2026-04-15T21:01:31.198445,0.0365,0.045,0.048,23.9583,1.0,27.3973,0.25,0.2329,1,RECOVERY,20,2,93.75
232,629397,Will the Democrats win the Iowa governor race in 2026?,No,2026-04-15T11:09:55+00:00,2026-04-15T21:31:50.147608,0.315,0.36,0.38,17.1053,1.0,3.1746,10.37,0.1429,1,RECOVERY,11,2,94.7368
233,693489,Will Syria recognize Israel by June 30?,Yes,2026-04-13T23:06:28+00:00,2026-04-15T23:17:51.994280,0.115,0.11,0.16,28.125,1.0,8.6957,48.19,-0.0435,0,TIMEOUT_48H,23,0,68.75
234,629397,Will the Democrats win the Iowa governor race in 2026?,Yes,2026-04-15T23:48:07+00:00,2026-04-16T02:19:27.174149,0.6,0.67,0.71,15.493,1.0,1.6667,2.52,0.1167,1,RECOVERY,23,2,94.3662
235,693496,Will Indonesia recognize Israel by June 30?,Yes,2026-04-14T02:23:31+00:00,2026-04-16T02:34:37.463735,0.0585,0.061,0.0725,19.3103,1.0,17.094,48.18,0.0427,1,TIMEOUT_48H,2,1,84.1379
236,1003803,Will the Dravida Munnetra Kazhagam (DMK) win the most seats in the 2026 Tamil Nadu Legislative Assembly election?,Yes,2026-04-16T02:34:37+00:00,2026-04-16T02:49:47.863471,0.675,0.73,0.81,16.6667,1.0,1.4815,0.25,0.0815,1,RECOVERY,2,3,90.1235
237,707033,Will Solstice launch a token by September 30 2026?,No,2026-04-14T03:39:19+00:00,2026-04-16T03:50:28.170306,0.0585,0.0125,0.08,26.875,1.0,17.094,48.19,-0.7863,0,TIMEOUT_48H,3,1,15.625
238,707031,Will Solstice launch a token by June 30 2026?,No,2026-04-14T05:11:14+00:00,2026-04-16T05:21:28.401565,0.1005,0.021,0.1215,17.284,1.0,9.9502,48.17,-0.791,0,TIMEOUT_48H,5,1,17.284
239,630666,Will the Democrats win the Colorado Senate race in 2026?,No,2026-04-14T07:31:28+00:00,2026-04-16T07:37:58.162262,0.135,0.1,0.165,18.1818,1.0,7.4074,48.11,-0.2593,0,TIMEOUT_48H,7,1,60.6061
240,629531,Will the Democrats win the New Mexico governor race in 2026?,No,2026-04-16T02:34:37+00:00,2026-04-16T07:53:09.350885,0.125,0.135,0.15,16.6667,1.0,8.0,5.31,0.08,1,RECOVERY,2,3,90.0
241,629439,Will the Republicans win the Maryland governor race in 2026?,Yes,2026-04-14T08:02:39+00:00,2026-04-16T08:08:17.037562,0.055,0.055,0.065,15.3846,1.0,18.1818,48.09,0.0,0,TIMEOUT_48H,8,1,84.6154
242,629477,Will the Democrats win the Minnesota governor race in 2026?,No,2026-04-16T08:53:47+00:00,2026-04-16T09:08:59.315387,0.07,0.08,0.085,17.6471,1.0,14.2857,0.25,0.1429,1,RECOVERY,8,3,94.1176
243,991975,Will Arvell Reese be the third pick in the 2026 NFL draft?,No,2026-04-16T06:52:28+00:00,2026-04-16T09:24:07.818292,0.635,0.725,0.765,16.9935,1.0,1.5748,2.53,0.1417,1,RECOVERY,6,3,94.7712
244,690683,"Will Variational launch a token by December 31, 2026?",No,2026-04-16T12:10:52+00:00,2026-04-16T12:26:01.987118,0.26,0.31,0.315,17.4603,1.0,3.8462,0.25,0.1923,1,RECOVERY,12,3,98.4127
245,629183,Will the Democrats win the Arizona governor race in 2026?,No,2026-04-14T13:22:58+00:00,2026-04-16T13:26:38.623909,0.225,0.225,0.275,18.1818,1.0,4.4444,48.06,0.0,0,TIMEOUT_48H,13,1,81.8182
246,732180,Felix Protocol FDV above $25M one day after launch?,No,2026-04-14T17:28:20+00:00,2026-04-16T17:41:01.972743,0.3,0.29,0.355,15.493,1.0,3.3333,48.21,-0.0333,0,TIMEOUT_48H,17,1,81.6901
247,1006074,Will US GDP growth in Q1 2026 be between 1.0% and 1.5%?,Yes,2026-04-16T17:25:52+00:00,2026-04-16T18:11:19.991967,0.1695,0.1885,0.1995,15.0376,1.0,5.8997,0.76,0.1121,1,RECOVERY,17,3,94.4862
248,629570,Will the Democrats win the Oklahoma governor race in 2026?,Yes,2026-04-15T08:08:00+00:00,2026-04-17T08:19:46.100776,0.065,0.065,0.085,23.5294,1.0,15.3846,48.2,0.0,0,TIMEOUT_48H,8,2,76.4706
249,693482,Will North Korea recognize Israel by June 30?,Yes,2026-04-17T10:36:12+00:00,2026-04-17T11:36:52.010339,0.0385,0.0425,0.0455,15.3846,1.0,25.974,1.01,0.1039,1,RECOVERY,10,4,93.4066
250,943825,Will the Republican Party hold exactly 53 Senate seats after the 2026 midterm elections?,Yes,2026-04-15T22:47:31+00:00,2026-04-17T15:38:00.687023,0.0335,0.0345,0.04,16.25,1.0,29.8507,40.84,0.0299,1,TIMEOUT_48H,22,2,86.25
251,630720,Will the Democrats win the Illinois Senate race in 2026?,No,2026-04-16T03:35:17+00:00,2026-04-17T15:38:00.687108,0.065,0.065,0.095,31.5789,1.0,15.3846,36.05,0.0,0,TIMEOUT_48H,3,3,68.4211
252,630747,Will the Republicans win the Kansas Senate race in 2026?,No,2026-04-17T20:02:13+00:00,2026-04-17T20:47:41.797812,0.26,0.345,0.355,26.7606,1.0,3.8462,0.76,0.3269,1,RECOVERY,20,4,97.1831
253,630747,Will the Republicans win the Kansas Senate race in 2026?,Yes,2026-04-17T19:31:56+00:00,2026-04-17T21:02:52.144771,0.645,0.765,0.84,23.2143,1.0,1.5504,1.52,0.186,1,RECOVERY,19,4,91.0714
254,643695,Will Nickeil Alexander-Walker win the 2025–2026 NBA Most Improved Player?,No,2026-04-17T23:34:23+00:00,2026-04-17T23:49:33.738153,0.055,0.065,0.065,15.3846,1.0,18.1818,0.25,0.1818,1,RECOVERY,23,4,100.0
255,732179,Felix Protocol FDV above $50M one day after launch?,No,2026-04-17T20:17:23+00:00,2026-04-18T01:35:39.518109,0.714,0.8415,0.9345,23.5955,1.0,1.4006,5.3,0.1786,1,RECOVERY,20,4,90.0482
256,693483,Will Cuba recognize Israel by June 30,Yes,2026-04-18T07:35:04+00:00,2026-04-18T07:50:14.762756,0.0495,0.071,0.076,34.8684,1.0,20.202,0.25,0.4343,1,RECOVERY,7,5,93.4211
257,630950,Will the Democrats win the Tennessee Senate race in 2026?,Yes,2026-04-17T20:47:42+00:00,2026-04-18T08:20:33.129452,0.075,0.085,0.09,16.6667,1.0,13.3333,11.55,0.1333,1,RECOVERY,20,4,94.4444
258,656312,Will OpenAI IPO by December 31 2026?,Yes,2026-04-18T01:50:49+00:00,2026-04-18T10:36:48.609693,0.305,0.33,0.36,15.2778,1.0,3.2787,8.77,0.082,1,RECOVERY,1,5,91.6667
259,690213,U.S. Congress member out over Epstein files by April 30?,Yes,2026-04-18T08:05:22+00:00,2026-04-18T20:11:30.637033,0.0675,0.049,0.126,46.4286,1.0,14.8148,12.1,-0.2741,0,TIMEOUT_48H,8,5,38.8889
260,667075,Consensys IPO closing market cap above $3B?,No,2026-04-19T00:58:48+00:00,2026-04-19T01:13:57.007548,0.745,0.88,0.88,15.3409,1.0,1.3423,0.25,0.1812,1,RECOVERY,0,6,100.0
261,690693,"Will Base launch a token by December 31, 2026?",No,2026-04-19T02:29:30+00:00,2026-04-19T02:44:39.697460,0.52,0.585,0.615,15.4472,1.0,1.9231,0.25,0.125,1,RECOVERY,2,6,95.122
262,951182,Will the All India Trinamool Congress (AITC) win the most seats in the 2026 West Bengal Legislative Assembly election?,Yes,2026-04-19T01:13:57+00:00,2026-04-19T05:00:47.317183,0.4435,0.493,0.524,15.3626,1.0,2.2548,3.78,0.1116,1,RECOVERY,1,6,94.084
263,693483,Will Cuba recognize Israel by June 30,No,2026-04-19T02:44:39+00:00,2026-04-19T06:46:42.812895,0.8075,0.8925,0.9575,15.6658,1.0,1.2384,4.03,0.1053,1,RECOVERY,2,6,93.2115
264,951183,Will the Bharatiya Janata Party (BJP) win the most seats in the 2026 West Bengal Legislative Assembly election?,Yes,2026-04-19T05:15:54+00:00,2026-04-19T11:18:54.418806,0.4715,0.514,0.5665,16.7696,1.0,2.1209,6.05,0.0901,1,RECOVERY,5,6,90.7326
265,690693,"Will Base launch a token by December 31, 2026?",Yes,2026-04-19T04:00:18+00:00,2026-04-19T11:49:13.473459,0.405,0.5,0.48,15.625,1.0,2.4691,7.82,0.2346,1,RECOVERY,4,6,104.1667
266,675435,Will Kim Kardashian pass the bar exam by May 3?,Yes,2026-04-19T01:44:10+00:00,2026-04-19T12:04:24.914699,0.055,0.065,0.065,15.3846,1.0,18.1818,10.34,0.1818,1,RECOVERY,1,6,100.0
267,629721,Will the Republicans win the Wisconsin governor race in 2026?,No,2026-04-20T07:29:56+00:00,2026-04-20T07:45:03.729950,0.685,0.795,0.83,17.4699,1.0,1.4599,0.25,0.1606,1,RECOVERY,7,0,95.7831
268,630819,Will the Republicans win the Minnesota Senate race in 2026?,Yes,2026-04-19T19:53:49+00:00,2026-04-20T08:00:09.795129,0.07,0.075,0.085,17.6471,1.0,14.2857,12.11,0.0714,1,TIMEOUT_48H,19,6,88.2353
269,997518,Will the 1st pick in the 2026 Pro Football draft be a QB? ,No,2026-04-20T06:14:11+00:00,2026-04-20T18:23:50.651164,0.0315,0.0115,0.0385,18.1818,1.0,31.746,12.16,-0.6349,0,TIMEOUT_48H,6,0,29.8701
270,630883,Will the Democrats win the North Carolina Senate race in 2026?,No,2026-04-20T22:45:12+00:00,2026-04-21T00:32:42.722491,0.125,0.145,0.16,21.875,1.0,8.0,1.79,0.16,1,RECOVERY,22,0,90.625
271,630806,Will the Republicans win the Michigan Senate race in 2026?,Yes,2026-04-21T00:32:45+00:00,2026-04-21T07:12:29.390703,0.175,0.195,0.215,18.6047,1.0,5.7143,6.66,0.1143,1,RECOVERY,0,1,90.6977
272,630692,Will the Democrats win the Georgia Senate race in 2026?,No,2026-04-21T07:58:39+00:00,2026-04-21T08:29:23.309385,0.13,0.15,0.16,18.75,1.0,7.6923,0.51,0.1538,1,RECOVERY,7,1,93.75
273,693502,Will Malaysia recognize Israel by June 30?,Yes,2026-04-21T07:43:16+00:00,2026-04-21T09:00:10.206898,0.0425,0.052,0.054,21.2963,1.0,23.5294,1.28,0.2235,1,RECOVERY,7,1,96.2963
274,943822,Will the Republican Party hold exactly 50 Senate seats after the 2026 midterm elections?,Yes,2026-04-21T06:41:44+00:00,2026-04-21T10:01:39.277479,0.115,0.13,0.14,17.8571,1.0,8.6957,3.33,0.1304,1,RECOVERY,6,1,92.8571
275,630693,Will the Republicans win the Georgia Senate race in 2026?,Yes,2026-04-21T04:54:07+00:00,2026-04-21T12:50:50.202814,0.091,0.148,0.1565,41.853,1.0,10.989,7.95,0.6264,1,RECOVERY,4,1,94.5687
276,630746,Will the Democrats win the Kansas Senate race in 2026?,Yes,2026-04-21T12:04:45+00:00,2026-04-21T14:17:40.001395,0.155,0.175,0.185,16.2162,1.0,6.4516,2.22,0.129,1,RECOVERY,12,1,94.5946
277,1006075,Will US GDP growth in Q1 2026 be between 1.5% and 2.0%?,Yes,2026-04-21T18:19:24+00:00,2026-04-21T18:34:47.642957,0.1425,0.1565,0.169,15.6805,1.0,7.0175,0.26,0.0982,1,RECOVERY,18,1,92.6036
278,922349,Will Reform UK win the most seats in the 2026 Welsh Senedd election?,Yes,2026-04-22T03:16:22+00:00,2026-04-22T03:31:44.668143,0.143,0.2135,0.2095,31.7422,1.0,6.993,0.26,0.493,1,RECOVERY,3,2,101.9093
279,922347,Will Plaid Cymru win the most seats in the 2026 Welsh Senedd election?,No,2026-04-22T05:46:32+00:00,2026-04-22T08:08:18.859068,0.18,0.21,0.23,21.7391,1.0,5.5556,2.36,0.1667,1,RECOVERY,5,2,91.3043
280,636111,MegaETH market cap (FDV) >$4B one day after launch?,Yes,2026-04-23T11:57:21+00:00,2026-04-23T12:20:08.273860,0.071,0.105,0.106,33.0189,1.0,14.0845,0.38,0.4789,1,RECOVERY,11,3,99.0566
281,1006076,Will US GDP growth in Q1 2026 be between 2.0% and 2.5%?,Yes,2026-04-23T13:42:17+00:00,2026-04-23T17:28:50.935375,0.2055,0.25,0.277,25.8123,1.0,4.8662,3.78,0.2165,1,RECOVERY,13,3,90.2527
282,693487,Will Iraq recognize Israel by June 30?,Yes,2026-04-23T07:04:09+00:00,2026-04-23T19:17:51.662166,0.0445,0.0435,0.0525,15.2381,1.0,22.4719,12.23,-0.0225,0,TIMEOUT,7,3,82.8571
283,630951,Will the Republicans win the Tennessee Senate race in 2026?,No,2026-04-23T20:51:29+00:00,2026-04-23T21:22:53.509246,0.07,0.08,0.085,17.6471,1.0,14.2857,0.52,0.1429,1,RECOVERY,20,3,94.1176
284,630831,Will the Democrats win the Montana Senate race in 2026?,Yes,2026-04-23T15:19:18+00:00,2026-04-24T03:21:41.860215,0.0765,0.0775,0.09,15.0,1.0,13.0719,12.04,0.0131,1,TIMEOUT,15,3,86.1111
285,630858,Will the Republicans win the New Jersey Senate race in 2026?,Yes,2026-04-23T17:44:54+00:00,2026-04-24T05:57:36.148941,0.04,0.04,0.05,20.0,1.0,25.0,12.21,0.0,0,TIMEOUT,17,3,80.0
286,629184,Will the Republicans win the Arizona governor race in 2026?,Yes,2026-04-23T19:02:29+00:00,2026-04-24T07:16:33.841051,0.23,0.22,0.275,16.3636,1.0,4.3478,12.23,-0.0435,0,TIMEOUT,19,3,80.0
287,622738,"Will Hyperliquid perform an airdrop by December 31, 2026? ",Yes,2026-04-23T20:36:04+00:00,2026-04-24T08:50:54.721754,0.26,0.26,0.315,17.4603,1.0,3.8462,12.25,0.0,0,TIMEOUT,20,3,82.5397
288,629691,Will the Republicans win the Texas governor race in 2026?,No,2026-04-24T09:39:00+00:00,2026-04-24T09:54:23.667269,0.205,0.23,0.245,16.3265,1.0,4.878,0.26,0.122,1,RECOVERY,9,4,93.8776
289,630976,Will the Democrats win the Virginia Senate race in 2026?,No,2026-04-24T07:17:14+00:00,2026-04-24T11:13:55.097207,0.07,0.08,0.085,17.6471,1.0,14.2857,3.94,0.1429,1,RECOVERY,7,4,94.1176
290,693486,Will Afghanistan recognize Israel by June 30?,Yes,2026-04-24T08:04:46+00:00,2026-04-24T15:22:05.694236,0.0375,0.048,0.053,29.2453,1.0,26.6667,7.29,0.28,1,RECOVERY,8,4,90.566
291,630857,Will the Democrats win the New Jersey Senate race in 2026?,No,2026-04-24T08:50:56+00:00,2026-04-24T20:54:26.680232,0.055,0.05,0.07,21.4286,1.0,18.1818,12.06,-0.0909,0,TIMEOUT,8,4,71.4286
292,629654,Will the Republicans win the South Dakota governor race in 2026?,No,2026-04-24T20:55:07+00:00,2026-04-24T22:14:25.152895,0.06,0.075,0.075,20.0,1.0,16.6667,1.32,0.25,1,RECOVERY,20,4,100.0
293,629628,Will the Republicans win the Rhode Island governor race in 2026?,Yes,2026-04-24T22:45:55+00:00,2026-04-24T23:01:21.740180,0.0435,0.048,0.0515,15.534,1.0,22.9885,0.26,0.1034,1,RECOVERY,22,4,93.2039
294,1122018,Will David Portnoy give another 9+ pizza review by April 30?,Yes,2026-04-25T00:56:12+00:00,2026-04-25T01:11:35.585690,0.12,0.16,0.145,17.2414,1.0,8.3333,0.26,0.3333,1,RECOVERY,0,5,110.3448
295,718188,"Will Abstract launch a token by December 31, 2026",Yes,2026-04-24T17:57:50+00:00,2026-04-25T06:08:04.504639,0.23,0.24,0.31,25.8065,1.0,4.3478,12.17,0.0435,1,TIMEOUT,17,4,77.4194
296,630679,Will the Democrats win the Delaware Senate race in 2026?,No,2026-04-24T18:44:10+00:00,2026-04-25T06:44:51.189223,0.055,0.055,0.07,21.4286,1.0,18.1818,12.01,0.0,0,TIMEOUT,18,4,78.5714
297,631031,Will the Republicans win the Oklahoma Senate race in 2026?,No,2026-04-25T18:08:19+00:00,2026-04-25T19:42:05.326565,0.115,0.14,0.135,14.8148,1.0,8.6957,1.56,9.25,1,RECOVERY,18,5,103.7037
298,697523,"Will Unit launch a token by December 31, 2026?",Yes,2026-04-25T18:08:20+00:00,2026-04-25T20:29:58.096379,0.245,0.275,0.305,19.6721,1.0,4.0816,2.36,5.18,1,RECOVERY,18,5,90.1639
299,629337,Will the Democrats win the Georgia governor race in 2026?,No,2026-04-24T21:10:35+00:00,2026-04-25T21:17:03.500899,0.29,0.3,0.385,24.6753,1.0,3.4483,24.11,2.01,1,TIMEOUT,21,4,77.9221
300,629412,Will the Democrats win the Kansas governor race in 2026?,Yes,2026-04-24T21:58:59+00:00,2026-04-25T22:04:42.409856,0.3,0.305,0.455,34.0659,1.0,3.3333,24.1,1.78,1,TIMEOUT,21,4,67.033
301,943823,Will the Republican Party hold exactly 51 Senate seats after the 2026 midterm elections?,Yes,2026-04-25T22:36:14+00:00,2026-04-26T03:30:48.826261,0.125,0.145,0.16,21.875,1.0,8.0,4.91,5.2,1,RECOVERY,22,5,90.625
302,630911,Will the Democrats win the Rhode Island Senate race in 2026?,No,2026-04-25T16:50:20+00:00,2026-04-26T04:49:00.068638,0.07,0.09,0.095,26.3158,1.0,14.2857,11.98,5.22,1,RECOVERY,16,5,94.7368
303,629284,Will the Republicans win the Arkansas governor race in 2026?,No,2026-04-26T10:34:34+00:00,2026-04-26T11:05:18.952614,0.0655,0.0715,0.077,14.9351,1.0,15.2672,0.51,10.59,1,RECOVERY,10,6,92.8571
304,629532,Will the Republicans win the New Mexico governor race in 2026?,Yes,2026-04-26T13:25:37+00:00,2026-04-26T14:11:53.355873,0.1,0.105,0.115,13.0435,1.0,10.0,0.77,9.1,1,RECOVERY,13,6,91.3043
305,629583,Will the Democrats win the Oregon governor race in 2026?,No,2026-04-27T10:40:22+00:00,2026-04-27T11:59:25.234103,0.155,0.165,0.18,13.8889,1.0,6.4516,1.32,7.9,1,RECOVERY,10,0,91.6667
306,630721,Will the Republicans win the Illinois Senate race in 2026?,Yes,2026-04-27T00:34:21+00:00,2026-04-28T00:34:50.949664,0.0665,0.045,0.0765,13.0719,1.0,15.0376,24.01,3.57,1,TIMEOUT,0,0,58.8235
307,943854,Will Zachary Shrewsbury be the Democratic nominee for Senate in West Virginia?,Yes,2026-04-28T05:52:41+00:00,2026-04-28T10:18:26.179921,0.245,0.26,0.285,14.0351,1.0,4.0816,4.43,1.64,1,RECOVERY,5,1,91.2281
